Country,Population density (inhab/km2),GDP per capita (current US$/inhab),Long-term average annual precipitation in depth (mm/year),Total internal renewable water resources per capita (m3/inhab/yr),Water resources: total external renewable (10^9 m3/yr),Total renewable water resources per capita (m3/inhab/yr),Dam capacity per capita (m3/inhab),Total water withdrawal per capita (m<sup>3</sup>/year per inhabitant),Environmental Flow Requirements (10^9 m3/year),SDG 6.4.2. Water Stress (%),SDG 6.4.1. Water Use Efficiency (US$/m3),SDG 6.4.1. Irrigated Agriculture Water Use Efficiency (US$/m3),SDG 6.4.1. Industrial Water Use Efficiency (US$/m3),SDG 6.4.1. Services Water Use Efficiency (US$/m3),Irrigated cropping intensity (%),Flood occurrence (WRI)
Afghanistan,56.93704776,563.983834,327,1268.430545,18.18,1757.509385,54.04617103,548.0722936,28.29,54.75701944,0.935916632,0.102131523,31.22005931,57.68390095,100.5080831,3.7
Albania,103.9574468,5131.908959,1485,9331.399988,3.3,10476.14422,1397.975537,332.3227207,13.56,5.757211539,10.27139442,1.677333025,22.93427267,31.38714332,44.19104991,2.7
Algeria,17.73005881,4136.289853,89,266.337296,0.42,276.2832073,204.1102284,247.7479142,4.56,137.9203602,14.46319816,0.619379993,350.3771026,22.2944635,84.80237154,2.8
Andorra,163.8425532,42080.55769,,4098.381944,,4098.381944,,,0.188,,,,,,,3.3
Angola,24.71307211,3441.269755,1010,4803.668393,0.4,4816.65128,306.5652482,22.90830508,110.7,1.871883289,147.1659784,0.244792834,201.6360115,173.7773023,100,1.7
Antigua and Barbuda,218.8318182,15629.05458,1030,540.0577446,0,540.0577446,52.14672953,119.4358474,,8.461538462,118.3303621,1.936159805,110.6764875,150.086508,100,3.6
Argentina,15.95495252,11601.89008,591,6582.336121,584.24,19752.4185,2965.74514,851.6460912,515.8,10.45666408,13.24487209,0.152694152,32.59621676,62.51994066,106.3829787,2.5
Armenia,99.25168124,4237.388785,562,2323.710212,0.91,2632.002426,469.8610483,919.4561183,2.812,54.75085737,3.567124884,0.222745783,19.11149157,9.654523455,46.59090909,3.3
Australia,3.216308541,58689.49019,534,19760.50271,0,19760.50271,3124.179658,697.3087802,243.3,4.657864898,70.0799294,0.418891162,91.6382436,405.62637,100,2.7
Austria,106.0025513,52047.26046,1110,6185.760873,22.7,8738.793088,239.2989711,392.7508281,41.51,9.643547941,103.490936,3.289676481,35.27511027,369.5564464,113.6423147,3.3
Azerbaijan,114.8907275,4729.900727,447,815.6158422,26.56,3485.086793,2165.166078,1222.870974,12.03,53.72930007,3.870952127,0.159417996,50.31791633,46.60428122,87.6046176,3
Bahamas,27.78364553,31116.87141,1292,1815.178523,0,1815.178523,,,,,,,,298.8951347,,
Bahrain,2012.110256,24171.32841,83,2.54867004,0.112,73.91143117,0,276.7855664,,133.7068966,78.10711783,0.629709613,1009.884728,71.11479805,126.8562401,0
Bangladesh,1093.560398,1620.668482,2666,650.6515178,1122.032,7603.526031,40.13590363,222.2749518,600.3,5.723339482,6.164077326,0.782859194,85.25289752,36.3335161,218.2980278,4.9
Barbados,666.6069767,17761.54481,1422,279.0947562,0,279.0947562,,282.5834406,,87.5,52.18153625,0.904937297,83.87209093,182.8553454,,3.6
Belarus,45.53283719,6312.054621,618,3596.887507,23.9,6125.287844,327.951508,147.1550154,27.56,4.581410679,32.98348993,0.059127741,36.20153992,56.01192628,71.24183007,2.6
Belgium,376.094923,47225.75721,847,1045.09789,6.3,1593.774282,12.56730213,347.8434144,10.16,49.06633907,107.3083533,0.619306942,25.6521057,468.4958525,99.30313589,2.8
Belize,16.6770135,4892.75074,1705,39835.9573,6.474,56736.21861,317.6956752,263.6586951,13.72,1.260294485,13.84562488,0.126832718,7.621073645,107.7338591,100,2.6
Benin,100.0788079,906.489003,1039,896.8185059,16.09,2297.77091,2.04613931,20.37432334,13.06,0.975243811,28.38405454,0.325075885,65.83805593,32.05205247,126.744186,3.6
Bhutan,19.65063819,3253.532886,2200,103395.0699,0,103395.0699,0,448.0453029,54.1,1.413807531,6.454746019,0.597688384,232.3167832,76.15817051,111.632948,4.7
Bolivia (Plurinational State of),10.33437893,3592.084429,1146,26732.68774,270.5,50558.69115,52.41415108,183.9138452,396.6,1.177001127,13.71107975,0.248811003,281.746033,140.6995908,93.64064603,3.1
Bosnia and Herzegovina,64.90773286,5646.252354,1028,10680.14471,2,11281.843,876.1930549,,22.44,2.662018592,,,45.67079646,29.43624545,,3.6
Botswana,3.874766644,7978.140216,416,1064.741614,9.84,5430.182231,492.3121219,85.62297145,2.677,2.018195127,74.2752592,0.089098533,193.9828855,97.3138937,100,2.1
Brazil,24.59781359,8861.531858,1761,27025.43704,2986,41280.5077,3343.859091,308.3506409,4105,1.422501101,22.52355948,0.451838584,28.21763145,68.24286358,163.035472,3.1
Brunei Darussalam,74.34367418,31254.69451,2722,19815.22882,0,19815.22882,104.9344582,214.4707119,5.846,3.466465712,,4.049338889,,32.33986257,158.7301587,2.3
Bulgaria,63.55662911,9407.504648,608,2978.044157,0.3,3020.587645,924.3849063,769.3280738,7.771,40.09904649,8.62765735,0.091463475,2.735936181,41.90031257,179.3137497,3.2
Burkina Faso,72.02780979,820.166756,748,632.8644162,1,683.4935695,270.2367371,41.4146474,3.04,7.820267686,11.85473585,0.061912119,150.133382,17.07463553,148.9908983,3.3
Burundi,401.558534,292.886814,1274,900.1935864,2.476,1121.752167,,25.06403813,9.788,10.19286754,6.770626595,0.055272835,34.2858504,31.78408779,156.0538117,3.3
Cabo Verde,134.9297767,3572.545968,228,551.7068892,0,551.7068892,0,49.65362002,,8.433333333,54.03643573,0.255593149,751.1933114,720.0728821,114.4975288,
Cambodia,89.75802033,1512.505446,1904,7421.633458,355.5,29298.83656,0.061539249,134.4017203,265.4,1.036544851,7.627962709,0.344112914,213.6228288,90.85156521,121.2168979,3.9
Cameroon,53.03774819,1567.94687,1604,10826.34476,10.15,11228.8627,619.0695474,43.16261404,213.4,1.560430108,24.81721631,0.045376143,81.58058125,74.73374076,151.4476615,2.2
Canada,3.752580986,46343.37194,537,76872.11517,52,78274.69412,22697.65722,944.7717818,1931,3.666323378,43.06312056,0.411860704,13.03047235,235.0546305,81.41843972,1.9
Central African Republic,7.490397766,473.499434,1343,30216.21955,0,30216.21955,,15.53670864,119.4,0.335648148,18.17404535,0.128814159,40.20512281,13.89526271,130.4347826,2.3
Chad,12.05430607,741.697902,322,969.1344253,30.7,2952.629549,,56.8300427,25.22,4.294921875,9.511310504,0.038691158,22.12484778,58.30080817,102.2900763,3
Chile,24.77087566,16388.83927,1522,47252.5196,38.06,49284.64491,705.6290832,1728.320971,529.3,21.61926046,7.291212994,0.230715549,42.47916861,123.0337157,90.14445054,2.5
China,152.018297,9855.461832,645,1927.465501,27.32,1946.18581,569.0508016,409.8322429,1471,43.22168826,23.53896416,2.187920453,43.68915827,93.24137127,163.3663536,3.5
Colombia,43.49555332,6676.033274,3240,43192.80576,215,47522.15459,227.1867078,575.7027117,1692,4.189123876,9.151498387,0.075777985,18.07534854,52.29766213,149.4580719,3.7
Comoros,447.2444922,1400.486121,900,1441.749707,0,1441.749707,,12.0145809,,0.833333333,71.33708667,0.090141588,242.7812159,123.2409569,,1.6
Congo,15.33438304,2624.715541,1646,42331.19815,610,158646.6525,1.716129655,17.48545437,664.4,0.027446301,92.53896978,0.243859685,159.418961,73.13646823,200,1.7
Cook Islands,72.99166667,20832.45595,,,0,0,,,,,,,,,,
Costa Rica,97.83641879,12138.82479,2926,22602.52696,0,22602.52696,399.3786505,639.2452876,54.4,5.210802048,16.87952279,0.370784156,41.93331888,65.80400212,142.5615764,3.1
Côte d'Ivoire,77.74368914,1727.629024,1348,3065.112092,7.3,3356.305718,1485.64196,46.35164303,61.3,5.087565674,25.70365759,0.21537936,40.61746744,62.21561056,146.9230769,2.3
Croatia,73.44250274,14644.50443,1113,9070.338429,67.8,25382.51205,231.4500151,172.7454375,60.52,1.496220543,60.08117735,0.655981167,49.62148984,74.30596081,,3
Cuba,103.1865126,8705.917496,1335,3362.105264,0,3362.105264,499.3886119,613.7694263,9.055,23.93944607,12.59907468,0.201387056,28.79136902,38.50663501,100,3
Cyprus,128.5691892,28956.95828,498,655.8672794,0,655.8672794,280.5985209,240.4846691,0.0484,28.29414981,59.41004161,0.944691757,138.4931874,152.9856328,130.6844301,0
Czechia,135.2139579,23079.54005,677,1232.926892,0,1232.926892,298.5558254,149.0763315,6.574,24.19403893,114.1160319,1.17277885,66.5161913,186.8330078,79.64,3.2
Democratic People's Republic of Korea,211.9595487,686.2093,1054,2622.349842,10.15,3019.616273,830.7904107,338.8623949,45.94,27.7404678,1.664138355,0.363584465,5.227575201,6.666936346,100,3
Democratic Republic of the Congo,35.85207262,561.228616,1543,10705.60767,383,15261.43849,0.628871185,8.131503783,981.7,0.226883505,47.8500753,0.203333008,113.1234138,34.60781823,114.7058824,1.9
Denmark,134.0197111,61809.75089,703,1043.092589,0,1043.092589,3.476975296,186.8283136,2.302,29.06057328,261.6484002,1.085180871,1255.036597,554.5389453,83.03921569,0
Djibouti,41.33288793,3009.407574,220,312.8509797,0,312.8509797,,19.81389538,,6.333333333,,12.55895402,,158.1509473,150,2.9
Dominica,95.5,7413.637732,2083,2792.321117,0,2792.321117,,279.2321117,,10,,0.003445505,,15.53239734,,3.6
Dominican Republic,218.3509554,7470.23939,1410,2211.319112,0,2211.319112,213.199392,854.2184582,5.456,39.55331412,7.889256603,0.198026346,31.61040475,57.61462359,137.0027752,3.7
Ecuador,66.6394586,6427.997753,2274,25895.03217,0,25895.03217,450.2247026,580.5310331,296.2,6.782352941,9.240505477,0.651798673,57.93202656,42.21092394,100,3.2
Egypt,98.28109042,2513.199691,18.1,10.16016505,56.5,584.2094901,1708.906781,787.412791,2.6,141.1657559,4.584392349,0.665586496,22.13618016,18.1322142,185.0672122,2.5
El Salvador,305.1685361,4064.05821,1784,2434.296576,10.64,4091.424891,604.1354073,329.8682116,10.24,13.21272614,10.19117381,0.045848529,25.60334376,33.89406046,100,3.8
Equatorial Guinea,46.6657754,10141.12034,2156,19862.8698,0,19862.8698,,15.12633931,15.21,0.183503244,,,1994.095024,278.2038089,,0
Eritrea,28.35595478,1321.381592,384,810.93934,4.515,2118.579026,12.77519082,168.5595342,2.107,11.17511521,10.95620766,0.049674601,1673.953805,150.8141298,145.5853659,2.5
Estonia,29.17776798,23528.80437,626,9607.534847,0.096,9680.101593,137.9524083,1215.900107,3.566,17.40844156,13.78812106,0.123561544,3.496161072,270.3398955,105.1612903,1.1
Eswatini,65.45397465,3385.567253,788,2323.368955,1.87,3969.088632,514.8286383,939.9083501,3.133,77.55991285,3.591565144,0.112754712,65.94474468,57.07758156,101.4272971,3.1
Ethiopia,96.12773179,746.664248,848,1116.966395,0,1116.966395,288.2505737,96.57273144,89.3,32.25718654,4.879439168,0.079971147,413.3373543,36.50937405,,3.2
Faroe Islands,34.73997135,,,,0,0,,,,,,,,,,
Fiji,48.35703339,6069.463297,2592,32315.27941,0,32315.27941,150.5812789,96.09692546,,0.29737303,43.05124168,0.316344013,74.67117463,115.5094838,,
Finland,16.31725809,49955.34117,536,19375.0163,3,19918.24105,3368.536712,507.0097723,67.83,6.639791321,75.96048368,0.049272076,27.71976637,393.0752818,100,0.2
France,118.3610448,41168.65145,867,3077.372326,11,3246.627804,153.580882,415.552972,96.77,23.64265079,82.8244968,1.70933659,20.24498657,343.8649552,100.033406,2.5
Gabon,7.917491688,8219.383713,1831,77384.95476,2,78328.67372,103.8090857,65.6356537,138.3,0.502166065,95.14106281,0.220195525,477.1254223,76.71522435,141.2698413,0.7
Gambia,201.7782301,754.620604,836,1315.735228,5,3508.627276,,44.5595664,3.402,2.209656372,10.99021728,0.059603332,9.828273389,21.98811236,200,1.5
Georgia,57.43101865,4504.482259,1026,14521.8192,5.2,15820.86375,852.8477305,322.5427698,32.63,4.205602606,10.77985173,0.77455406,13.73347074,17.13517162,69.08247423,3.6
Germany,232.6785668,47993.47333,700,1287.227058,47,1852.64455,48.12063767,342.6458141,81.04,33.50191886,111.4076936,2.354657208,50.43901142,219.2628077,48.05033611,2.9
Ghana,124.7887231,2224.259481,1187,1017.902247,25.9,1887.990306,4988.875639,49.201968,33.26,6.314734089,29.89658368,0.194719799,182.4692035,87.59550046,221.27519,3
Greece,79.73814792,19577.7849,652,5512.131155,10.4,6500.513293,1171.04276,961.9619233,18.97,20.47744285,17.32217451,0.508656626,75.58110991,86.79357859,109.8712446,2.4
Grenade,327.8058824,10787.4004,2350,1794.462289,0,1794.462289,0.197390852,126.5095914,,7.05,,2.51247426,,64.34510772,100,
Guatemala,158.396997,4549.68037,1996,6331.224259,18.71,7415.997206,26.89263508,192.7254813,70.02,5.742097081,19.80908591,1.139948715,26.96039854,56.81152436,112.784364,3.5
Guinea,50.49334174,891.74539,1651,18204.82246,0,18204.82246,147.9745967,71.69155747,161,1.369230769,9.518558023,0.035086925,55.81286816,22.18127129,100,1.1
Guinea-Bissau,51.87663991,764.899506,1577,8536.506637,15.4,16752.89428,0,101.3710163,19.7,1.495726496,3.309483801,0.115898887,12.78422464,13.48915569,100,1
Guyana,3.623789366,4880.587529,2387,309368.6056,30,347879.2204,1038.695466,1854.54284,227.2,3.298401827,1.994019424,0.004721747,58.5531011,27.40360292,2.705882353,2.4
Haiti,400.8352432,835.716025,1440,1169.360052,1.015,1260.610951,26.70100218,130.3584281,3.188,13.38379177,4.944247406,0.20571522,51.52992578,22.59169907,136.875,3.9
Holy See,1820.454545,,,,0,0,,,,,,,,,,2.9
Honduras,85.22999378,2545.336392,1976,9456.040883,1.504,9612.911449,605.4386107,167.6136962,57.39,4.621268764,12.49913208,0.2096727,49.28457113,45.1449832,107.1052309,3.6
Hungary,104.348049,16295.32521,589,618.0788687,98,10713.36706,26.41257032,464.0227107,46.1,7.651122625,24.85034084,0.323283197,9.622940234,126.5438324,89.64599959,3.5
Iceland,3.269058252,76624.48569,1940,504881.0114,0,504881.0114,6848.859414,826.5199146,96.41,0.394075282,60.41016818,0.894191015,15.65376347,171.4054547,,0.1
India,411.4801628,2052.618239,1083,1069.01878,464.9,1412.71645,182.9475968,562.602553,937.1,66.49209283,3.005062085,0.406509582,37.69190501,24.40020124,140.046594,3.9
Indonesia,139.6399506,3906.270285,2702,7541.733869,0,7541.733869,89.66521206,831.7500966,1269,29.69654528,3.939668737,0.244884269,42.0785465,18.75067568,199.1669146,3.1
Iran (Islamic Republic of),46.87286938,5768.576511,228,1570.901035,8.545,1675.362898,543.2969421,1140.584176,22.7,81.28908129,4.617545322,0.365125627,120.2632039,43.0849436,133.7848357,3.2
Iraq,88.34254296,5395.860191,216,915.8652845,54.66,2338.058366,3949.66904,873.4544773,18.66,47.14044944,5.433622496,0.069482668,53.85096316,78.39221535,137.0357417,2.4
Ireland,68.56417188,79661.62269,1118,10168.73881,3,10791.31465,180.3394699,296.1385771,44.88,20.04213483,226.4732841,0.212742721,236.5057755,237.7441151,100,2.2
Israel,379.769642,43841.82532,435,89.48261866,1.03,212.3720816,,270.9533693,0.6209,95.93650246,131.9922234,1.598814798,567.2681203,238.4292307,89.25619835,2.9
Italy,200.7067624,35163.5738,832,3010.195524,8.8,3155.344678,165.7273455,563.9044634,77.81,29.99885452,49.28345088,0.916237516,47.15035854,137.6758875,104.4261653,2.6
Jamaica,267.0470428,5421.064248,2051,3687.756125,0,3687.756125,1.856996293,461.3528405,,12.4734362,8.840984299,1.729187376,2.338402685,65.72373161,100,3.5
Japan,336.6027838,39087.23594,1668,3380.44489,0,3380.44489,247.4286764,623.4169298,212.5,36.45977011,56.71471758,0.72641295,106.7498896,224.9465714,113.7307692,3
Jordan,111.5687192,4264.118559,111,68.43735443,0.255,94.02610132,27.58767959,104.773375,0.0341,100.077528,35.42650093,1.741514621,297.7792317,57.66024607,109.9324,3
Kazakhstan,6.723037379,9744.693641,250,3512.627829,44.06,5917.699812,4364.004752,1366.294865,36.31,32.6518724,7.200993311,0.034506066,11.55602895,31.3795343,89.757022,1.7
Kenya,88.55138102,1725.302554,630,402.7819977,10,597.362673,482.2735546,78.45492826,18.57,33.23990107,11.26794611,0.238274007,34.75878546,68.94922947,103.1640912,3.8
Kiribati,143.0209877,1592.082641,,,0,0,,,,,,,,,,
Kuwait,232.1723906,33760.73917,121,0,0.02,4.834056508,,302.1285318,,3850.5,101.5651528,0.710412954,2858.041006,133.4175779,126.8376068,0.6
Kyrgyzstan,31.52818969,1319.570186,533,7761.701642,-25.312,3746.492323,3738.878146,1215.09574,8.216,50.03895598,0.841981672,0.102193429,5.503939801,17.29768968,100,2.1
Lao People's Democratic Republic,29.82055321,2579.121946,1834,26963.08309,143.1,47227.87926,1503.928269,1036.605926,180.1,4.771838331,1.849129582,0.124625387,20.80253603,70.18713227,100,3.9
Latvia,29.85507942,17837.89963,667,8784.215791,18,18118.09325,521.1414917,91.87959402,17.97,1.080431302,140.7950969,0.016669768,149.2214627,222.5595725,104.2016807,1.8
Lebanon,656.4026794,9257.297212,661,699.768843,-0.297,656.4706459,33.23902004,268.2447232,1.421,58.79299156,25.76719734,1.498742738,7.365933476,165.5549294,146.8888889,2.8
Lesotho,69.44426877,1162.716412,788,2480.638686,-2.208,1433.36331,1362.878546,20.77475611,1.315,2.565905097,48.61753663,0.015867065,32.60901104,73.86037943,100,3.3
Liberia,43.26993804,437.118973,2391,41502.61892,32,48143.03795,49.51262437,30.2761605,176.8,0.264311594,4.615814353,0.035593686,4.091905387,5.667104291,100,1.9
Libya,3.795627835,5312.471944,56,104.8130293,0,104.8130293,58.37935998,872.942801,,817.1428571,4.287071605,0.018497703,58.98246137,11.98403487,121.1940299,0
Liechtenstein,236.9375,178107.1977,,,0,0,,,,,,,,474.2210839,,3.3
Lithuania,42.90494716,18583.56844,656,5518.937166,9.04,8746.051782,176.7773405,90.81257604,10.63,1.834102379,156.5520804,0.029486577,174.7976648,213.8447095,74.36893204,2.4
Luxembourg,233.2992278,120137.9555,934,1654.95784,2.5,5792.35244,102.6073861,86.38879925,2.294,4.328358209,1096.77276,0,3535.664478,1014.734449,,3.1
Madagascar,44.71741288,527.386601,1513,12832.07614,0,12832.07614,18.78966259,516.2111959,217.5,11.26150628,0.765236259,0.10608842,17.30765741,15.67841073,135.6777494,2.6
Malawi,153.1331617,375.49037,1181,889.5886545,1.14,952.4220539,2.301411045,74.78276868,9.529,17.50483809,3.26309941,0.035192664,19.40394518,24.18427986,108.3703704,3.3
Malaysia,95.30844317,11190.75401,2875,18396.32685,0,18396.32685,712.0705564,174.0673134,385,3.43948718,58.42048464,0.917378774,75.85917865,144.4326928,183.5511145,3.1
Maldives,1718.986667,11991.75312,1972,58.17380782,0,58.17380782,0,11.44084887,,15.66666667,,,1941.131984,630.772591,,
Mali,15.38292439,898.685409,282,3145.025128,60,6290.050257,723.0936941,271.8350053,55.2,8.00308642,1.858635291,0.047417621,787.0589498,58.41123732,149.8213009,2.6
Malta,1372.65,33671.58935,560,114.9692201,0,114.9692201,0,145.7035661,,85.14851485,174.1032789,2.210750393,1341.40018,263.4038085,100,0
Marshall Islands,324.5166667,4028.711494,,,0,0,,,,,,,,,,
Mauritania,4.272157757,1678.315035,92,90.840692,11,2588.959722,113.550865,306.6327558,1.222,13.24621733,3.932657191,0.352240738,47.66822045,35.25402417,174.9562172,2.5
Mauritius,621.1691176,11211.98418,2041,2170.953728,0,2170.953728,73.28843066,470.3338502,,21.48309706,18.90090643,0.385375691,186.6033668,32.36707826,83.46153846,
Mexico,64.23949949,9356.145765,758,3241.124067,52.888,3660.235484,1206.760037,703.9499587,262.08,44.46268418,13.07440248,0.263479819,42.08432043,60.0842683,104.3290677,2.9
Micronesia (Federated States of),160.9142857,3495.367468,,,0,0,,,,,,,,,,
Monaco,19083.37444,184807.8284,,,,,,129.2590869,,,,,,1150.511934,,2.8
Mongolia,2.026841999,4167.368686,241,10977.17001,0,10977.17001,78.85897996,145.8575693,21.18,3.395007342,22.82883361,0.258161821,29.12547895,124.7378644,96.57142857,1.3
Montenegro,45.46046343,8752.031333,,,,,1637.440687,256.2881386,,,21.93125731,47.32526778,7.879330072,30.63759769,100,3.5
Morocco,80.68322248,3258.233846,346,804.9050805,0,804.9050805,498.4441324,289.5160308,8.167,50.75121202,8.715868798,0.432899935,126.3892168,56.59179837,127.5913497,2.9
Mozambique,36.89860142,482.063443,1032,3400.460618,116.8,7360.319045,2513.444533,49.938968,133,1.751486326,7.828018101,0.058985165,149.9509911,20.74846196,100,3
Myanmar,79.37502956,1350.738003,2091,18671.22263,165,21743.37235,289.154455,621.7174546,595,5.801501397,1.853438085,0.203587502,50.7071385,9.20745477,133.2213154,3.2
Namibia,2.970193743,5610.397958,285,2516.030504,33.75,16301.10023,289.3978314,117.632595,7.19,0.861552567,36.86077457,0.071887622,230.2144692,101.0746725,100,2.1
Nauru,533.5,11201.86037,,937.2071228,0,937.2071228,,,,,,,,,,
Nepal,190.8935589,939.453255,1500,7054.456776,12,7481.568185,3.036050267,338.0266471,95.94,8.311832662,2.232012969,0.601197842,100.6308088,85.54117631,163.4417808,4.5
Netherlands,456.2599626,53505.05087,778,644.7997486,80,5334.252466,541.2800799,474.730884,41.57,16.38417965,90.06718257,18.19409706,23.46897392,298.4412609,100,2.5
New Zealand,17.71742184,43776.46571,1732,68941.80237,0,68941.80237,3560.454055,1037.200385,204.3,8.04808476,36.99581314,3.860530818,29.45880754,254.9178947,100,1.7
Nicaragua,49.59347242,2087.250028,2280,24160.54069,8.31,25445.82392,4950.190248,238.8987334,107.2,2.692428472,6.783497616,0.212291582,39.75337551,25.5257918,100,3.6
Niger,17.71335596,574.639399,151,155.9518674,30.55,1517.188881,4.172559048,78.01603559,10.61,7.453924915,3.666555733,0.004792857,52.55974886,25.2669628,100,3.4
Nigeria,212.0383678,2153.520403,1150,1128.272407,65.2,1461.138293,258.6691359,63.68867997,157.2,9.668217054,31.26515234,0.227130815,63.3832477,52.84664057,169.7744361,3.1
Niue,6.230769231,,,,0,0,,,,,,,,,,
North Macedonia,81.01738623,6056.855579,619,2592.468303,1,3072.555026,1099.350587,413.0797176,2.268,25.26621491,10.11183884,0.644790963,9.582348593,20.70870777,94.32666114,3.3
Norway,13.85736454,81101.65805,1414,71562.89235,11,73623.60391,6234.570422,504.16245,261.5,2.046463878,120.8238747,1.037473271,109.7616123,266.6451228,282.7763496,1.3
Oman,15.60411309,19070.91177,125,289.8867019,0,289.8867019,18.30013337,387.8269948,,116.7142857,46.6246606,1.220495836,171.787562,506.3004827,116.6608696,1.9
Pakistan,266.5849592,1406.00688,494,259.1548989,191.8,1162.89871,131.0297934,864.3993855,83.79,118.2381449,1.520812094,0.318541334,36.76787859,17.88615778,115.3953739,3.9
Palau,38.92826087,12930.01616,,,0,0,,,,,,,,,,
Palestine,807.8038206,3221.318341,402,166.9758393,0.025,172.116721,0,80.09493769,0.1359,42.74711168,34.08134927,5.111318101,87.62158593,52.58381697,516.2364696,3
Panama,55.45497876,15628.40512,2928,32703.92248,2.704,33351.29735,2187.547658,290.0258543,4.864,0.90107111,48.5381843,0.288737401,2765.180436,54.70456067,139.0168015,2.8
Papua New Guinea,18.5945964,2741.30003,3142,93071.10598,0,93071.10598,0,45.55952641,504.5,0.132242833,,,37.83892998,49.37994294,,1.6
Paraguay,17.10149182,5844.278424,1130,16819.85191,270.77,55745.58953,4820.109527,346.8914757,256.3,1.835399711,14.08881927,0.156403024,68.66138317,63.88334626,100,3.3
Peru,24.89010442,6827.188847,1738,51298.46705,238.8,58763.47249,180.4616925,500.1678688,1343,6.544895678,11.66140908,0.595330917,723.4579825,115.4816787,142.6438053,2.8
Philippines,355.5046467,3106.78539,2348,4491.268065,0,4491.268065,66.61891358,881.3761965,151.9,28.65641618,3.54742492,0.172396145,6.076543937,23.23316129,174.8883938,4
Poland,121.275359,15369.73348,600,1413.442769,6.9,1595.397155,77.94767688,264.5194854,31.61,33.22256836,46.21996545,0.092351323,20.79866764,154.0828911,104.132948,2.7
Portugal,111.2076582,23397.87424,854,3705.078483,39.4,7546.659857,1134.212275,585.012392,27.63,12.31571228,30.53706764,0.477511486,18.88502761,166.3778051,88.83034773,2.4
Puerto Rico,342.6827508,27638.89219,2054,2335.836736,0,2335.836736,,1077.281323,2.621,19.53561063,28.90470552,2.593100485,19.28118393,61.24892126,113.3713561,
Qatar,242.0959095,71010.31928,74,20.13170449,0.002,20.85069393,,316.7148509,,431.0344828,200.846266,1.298993761,2930.474648,120.260031,100,0
Republic of Korea,510.0847887,33626.65754,1274,1267.301895,4.85,1362.080834,368.0657041,529.2377784,35.44,85.22183304,53.80293787,1.623517773,115.5326129,137.4489946,152.7714675,3.5
Republic of Moldova,119.7029247,2798.548169,450,399.8080921,10.65,3028.176105,278.2614962,206.5675143,5.536,12.42946243,7.970333425,0.603707071,2.640562418,33.79537826,122.605364,3.8
Romania,81.82094799,12234.10355,637,2172.652123,169.63,10868.89987,567.1247487,328.9225112,105.2,6.00692819,27.80352146,0.288388123,13.77005306,114.4862458,113.2075472,3.7
Russian Federation,8.523330633,11534.17515,460,29588.14604,213.445,31052.76614,5500.043854,444.7828448,2953,4.122242749,18.90745488,0.04719743,14.17829589,47.41140147,100,2
Rwanda,467.0451784,760.729801,1212,772.2340406,3.8,1081.127657,0,14.94882527,10.28,6.089403974,35.1430955,0.114289352,71.65152604,81.144975,200,3.6
Saint Kitts and Nevis,201.6961538,18098.87596,1427,457.6571766,0,457.6571766,,297.4771648,,50.83333333,,0.479856222,,42.48179077,,
Saint Lucia,293.3693548,10696.72356,2301,1649.357575,0,1649.357575,14.29443232,235.8581333,,14.3,,0.001672245,,116.2676392,,3.6
Saint Vincent and the Grenadines,282.5923077,7362.068966,1583,907.350446,0,907.350446,,77.14293492,,7.9,,,46331.19516,60.87514569,,3.6
Samoa,69.05950704,4215.911916,2880,,0,0,50.98685049,,,,,,,,,
San Marino,563.0833333,48802.05605,,,,,,,,,,,,,,2.3
Sao Tome and Principe,219.8208333,1968.732492,3200,10330.3827,0,10330.3827,184.8095987,193.8131433,,1.876146789,7.834039154,0.295273332,77.70334966,18.1109656,,
Saudi Arabia,15.67796101,23319.88719,59,71.21079356,0,71.21079356,29.79161407,712.1079356,,1000,28.07951152,0.789882083,230.9938,97.87316125,99.30273702,1.2
Senegal,80.59744294,1461.174722,686,1627.316411,13.17,2458.004672,15.76856987,140.0879747,20.16,11.80728336,7.570906623,0.095289503,81.26634499,121.4771712,153.9130435,2.5
Serbia,99.62374378,7215.958011,,955.0420243,,18426.05167,257.8624826,631.3365113,73.47,6.263383298,5.837513802,0.165644845,2.183827875,35.4349539,144.9676155,3.5
Seychelles,211.0782609,16697.89746,2330,,0,0,10.29908544,141.0974705,,,93.72374437,8.140336143,37.23260505,126.1338996,112,
Sierra Leone,105.8112033,531.27842,2526,20914.62259,0,20914.62259,28.75760606,27.73801821,117.2,0.495794393,8.638562123,0.118712393,4.514755146,14.20818753,100,1.6
Singapore,7952.346685,62348.33805,2497,104.2119156,0,104.2119156,13.0091208,114.5288953,,81.85,,,232.4988313,794.8949058,,2.9
Slovakia,111.2179074,19442.19282,824,2310.648753,37.5,9187.579566,316.6505716,112.2315109,26.86,2.394578313,138.4188092,1.405299417,110.2966056,199.3286519,160.3363413,3.8
Slovenia,102.5034409,25962.32981,1162,8985.305392,13.2,15338.0655,16.12253512,462.5001865,17.08,6.497633536,42.92303714,6.499239517,15.87044609,168.0672508,100,3.5
Solomon Islands,22.59020761,2039.282045,3028,68468.28632,0,68468.28632,,,,,,,,,,
Somalia,23.53640812,98.437155,282,399.7807602,8.7,979.4628626,0,219.7461579,1.254,24.52774059,0.190449249,0.031382813,47.51535144,28.67359394,100,3.8
South Africa,47.40627681,6412.962691,495,775.1868503,6.55,888.5233206,536.7801244,343.4700665,20.12,63.56067883,14.31725313,0.113890099,17.2047996,51.11301068,88.87240356,2.8
South Sudan,17.31473914,635.254613,900,2368.820419,23.5,4509.869645,,59.94937831,33.93,4.226075787,15.7408857,0.017263587,24.60452332,24.96032012,157.3051948,2.5
Spain,92.28616529,30599.42268,636,2381.520531,0.3,2387.945497,1152.523155,668.6461557,38.15,42.56441718,36.81703408,0.606186418,37.15820395,187.205274,82.66464174,2.7
Sri Lanka,323.5598689,4245.427794,1712,2487.191552,0,2487.191552,279.9032614,609.8329893,38.54,90.78541374,6.105854157,0.271273444,28.35460423,65.11255794,170.9558824,3.7
Sudan,22.54539191,1216.883086,250,95.6902705,33.8,904.2730562,507.8761107,644.354359,15.1,118.6563877,2.818788629,0.206445549,171.2209978,60.7720976,157.3225969,3.3
Suriname,3.515993163,6084.947552,2331,171877.984,0,171877.984,34722.82505,1069.289397,83.41,3.950609365,7.11287161,1.145939583,10.36129932,50.36200838,100,1.4
Sweden,22.28623751,55704.96835,624,17148.63696,3,17449.49024,3606.127699,238.1755134,104.7,3.427128427,198.4104787,3.684499821,79.71109428,380.8765735,103.3778626,0.4
Switzerland,206.4793043,82530.17486,1537,4738.663305,13.1,6275.21007,392.171306,207.3517077,27.28,6.498855835,392.6044489,5.828898436,263.5763958,542.7071384,158.5849344,3.2
Syrian Arab Republic,91.50586996,909.420489,252,420.8897025,9.67,991.557597,1159.63021,989.1026038,5.573,124.3601389,0.982236635,0.102253577,9.059100768,6.364507336,110.2479339,2.7
Tajikistan,64.37144575,826.041486,691,6972.986545,-41.55,2407.471402,3242.010211,1073.967389,6.752,64.48080222,0.882335544,0.227410971,1.643076467,5.471700195,108.1405694,3.7
Thailand,135.3064644,7299.352335,1622,3233.688643,214.1,6317.43876,1141.187749,825.3964697,189.6,23.01393518,7.400056065,0.373069242,51.78920249,95.26387057,145.9881423,3.7
Timor-Leste,85.27061197,1949.257379,1500,6478.839471,0,6478.839471,,924.3091735,4.069,28.26821032,2.026773103,0.056912629,637.7908882,10.49336237,117.6063646,2.2
Togo,138.9169396,646.414962,1168,1457.708763,3.2,1863.332071,217.7017054,28.26687428,8.125,3.391634981,13.34117871,0.010365732,102.470987,16.5510152,114.4036697,3.1
Tokelau,131.9,,,,0,0,,,,,,,,,,
Tonga,137.596,4625.359516,,,0,0,,,,,,,,,,
Trinidad and Tobago,270.9245614,17345.5614,2200,2762.901997,0,2762.901997,51.4230744,275.7145951,2.186,20.32648126,58.38556361,2.486701969,68.89404848,56.61354042,,2.2
Tunisia,70.68761689,3421.77736,207,362.726078,0.42,399.0419189,232.7134652,332.4369373,0.6767,95.9987812,10.22013689,0.272201216,226.5547496,32.4406861,119.2073887,2.6
Turkey,104.8450856,9416.31547,593,2756.858846,-15.4,2569.829656,1916.758601,721.2161347,76.97,45.37887544,14.06324233,0.289306177,86.67555383,84.02612733,84.1705023,2.6
Turkmenistan,11.98709486,6963.940563,161,240.1339554,23.36,4232.681428,956.1775186,4777.725687,5.355,143.5600206,1.525226351,0.146385991,28.91561271,19.22813724,101.1551984,1.8
Tuvalu,383.6,4078.953162,,,0,0,,,,,,,,,,
Uganda,176.8952018,679.86719,1180,912.7282909,21.1,1406.5377,1872.280713,14.90789542,49.17,5.82799634,32.41871294,0.046002657,102.0225102,47.37097544,175.0231054,3.6
Ukraine,73.30984343,2972.841353,565,1245.30592,120.18,3961.474077,1252.056789,253.1745357,98.1,13.87017362,6.603820273,0.057217086,4.793913685,21.99874957,64.38356164,2.4
United Arab Emirates,135.2622221,43407.63514,78,15.57477298,0,15.57477298,6.341040389,524.8275712,,1667.333333,74.20524408,0.923734605,1555.197576,105.2827711,73.77631579,1.2
United Kingdom,275.6113624,42889.38632,1220,2159.612202,2,2189.399956,78.51307393,125.4064465,88.35,14.35464621,323.0442051,0.650235629,463.2638319,361.5491421,192.4255082,3.4
United Republic of Tanzania,59.44625567,994.447217,1071,1491.651069,12.27,1709.538672,1850.334551,92.05618027,56.28,12.96324081,7.513881627,0.192981902,614.7348586,43.05445678,135.3971487,3.1
United States of America,33.27019603,62981.38696,715,8615.200788,251,9382.558985,2249.696678,1358.285152,1491,28.16198427,43.65705113,0.185568136,15.86345643,274.6553747,100.5507007,3.1
Uruguay,19.57374305,17177.13914,1300,26730.17741,80,49923.38992,4973.108772,1061.089472,134.8,9.786096257,13.32912539,0.196980766,155.1831354,87.18419285,110.4201681,3
Uzbekistan,72.34240985,1560.325238,206,503.1370007,32.53,1504.792241,677.7846601,1813.633375,14,168.924577,1.431188329,0.457685661,12.02592969,14.02571362,100,2.7
Vanuatu,24.00984413,3150.934375,2000,34167.00834,0,34167.00834,,,,,,,,,,
Venezuela (Bolivarian Republic of),31.67273505,6433.928949,2044,27867.09287,520,45868.19634,5456.608721,783.2660911,1025,7.540366667,7.805433532,0.252455322,81.58244518,21.01702099,100,2.7
Viet Nam,288.4580563,2538.068147,1821,3761.749764,524.7,9253.347619,468.000835,858.5396838,432.6,18.13031538,2.51642781,0.380025482,22.29656024,89.83081745,190.3598691,3.8
Yemen,53.97784533,922.404203,167,73.68761567,0,73.68761567,16.22882012,125.0934999,,169.7619048,5.972429403,0.790017629,69.78632315,53.58450109,116.0026414,2.9
Zambia,23.05537795,1549.354235,1020,4622.023377,24.6,6039.751245,5828.440635,90.59626868,49.36,2.835497836,13.43842421,0.022862815,54.1174299,48.49516901,100,2.5
Zimbabwe,36.95056301,1437.425967,657,849.1009157,7.74,1385.156469,6920.930559,261.1975703,9.348,35.40536988,4.830175713,0.042805095,50.13326068,21.58517325,145.8958838,2.8
